id,title,short_title,api_uri,first_name,middle_name,last_name,date_of_birth,party,leadership_role,twitter_account,facebook_account,youtube_account,govtrack_id,cspan_id,votesmart_id,icpsr_id,crp_id,google_entity_id,url,rss_url,contact_form,in_office,dw_nominate,ideal_point,seniority,next_election,total_votes,missed_votes,total_present,ocd_id,office,phone,fax,state,senate_class,state_rank,lis_id,missed_votes_pct,votes_with_party_pct
A000360,"Senator, 2nd Class",Sen.,https://api.propublica.org/congress/v1/members/A000360.json,Lamar,,Alexander,1940-07-03,R,,SenAlexander,senatorlamaralexander,lamaralexander,300002,5,15691,40304,N00009888,/m/01rbs3,https://www.alexander.senate.gov/public/,https://www.alexander.senate.gov/public/?a=RSS.Feed,http://www.alexander.senate.gov/public/index.cfm?p=Email,true,0.323,,15,2020,208,7,0,ocd-division/country:us/state:tn,455 Dirksen Senate Office Building,202-224-4944,202-228-3398,TN,2,senior,S289,3.37,98.51
B000575,"Senator, 3rd Class",Sen.,https://api.propublica.org/congress/v1/members/B000575.json,Roy,,Blunt,1950-01-10,R,,RoyBlunt,SenatorBlunt,SenatorBlunt,400034,45465,418,29735,N00005195,/m/034fn4,https://www.blunt.senate.gov/public/,http://www.blunt.senate.gov/public/?a=RSS.Feed,https://www.blunt.senate.gov/public/index.cfm/contact-roy,true,0.431,,7,2022,208,2,0,ocd-division/country:us/state:mo,260 Russell Senate Office Building,202-224-5721,202-224-8149,MO,3,junior,S342,0.96,99.03
B000944,"Senator, 1st Class",Sen.,https://api.propublica.org/congress/v1/members/B000944.json,Sherrod,,Brown,1952-11-09,D,,SenSherrodBrown,,SherrodBrownOhio,400050,5051,27018,29389,N00003535,/m/034s80,https://www.brown.senate.gov/,https://www.brown.senate.gov/rss/feeds/?type=all&,http://www.brown.senate.gov/contact/,true,-0.44,,11,2018,208,0,1,ocd-division/country:us/state:oh,713 Hart Senate Office Building,202-224-2315,202-228-6321,OH,1,senior,S307,0,94.71
B001135,"Senator, 3rd Class",Sen.,https://api.propublica.org/congress/v1/members/B001135.json,Richard,M.,Burr,1955-11-30,R,,SenatorBurr,SenatorRichardBurr,SenatorRichardBurr,400054,31054,21787,29548,N00002221,/m/03g_s9,https://www.burr.senate.gov/,,https://www.burr.senate.gov/contact/email,true,0.454,,13,2022,208,10,0,ocd-division/country:us/state:nc,217 Russell Senate Office Building,202-224-3154,202-228-2981,NC,3,senior,S300,4.81,99.49
B001230,"Senator, 1st Class",Sen.,https://api.propublica.org/congress/v1/members/B001230.json,Tammy,,Baldwin,1962-02-11,D,,SenatorBaldwin,TammyBaldwin,witammybaldwin,400013,57884,3470,29940,N00004367,/m/024v02,https://www.baldwin.senate.gov/,https://www.baldwin.senate.gov/rss/feeds/?type=all,https://www.baldwin.senate.gov/feedback,true,-0.546,,5,2018,208,0,1,ocd-division/country:us/state:wi,709 Hart,202-224-5653,202-225-6942,WI,1,junior,S354,0,95.19
B001236,"Senator, 3rd Class",Sen.,https://api.propublica.org/congress/v1/members/B001236.json,John,,Boozman,1950-12-10,R,,JohnBoozman,JohnBoozman,BoozmanPressOffice,400040,92069,27958,20101,N00013873,/m/024s3v,https://www.boozman.senate.gov/public/,https://www.boozman.senate.gov/public/index.cfm/rss/feed,https://www.boozman.senate.gov/public/index.cfm/contact,true,0.402,,7,2022,208,0,0,ocd-division/country:us/state:ar,141 Hart Senate Office Building,202-224-4843,202-228-1371,AR,3,senior,S343,0,98.56
B001261,"Senator, 1st Class",Sen.,https://api.propublica.org/congress/v1/members/B001261.json,John,,Barrasso,1952-07-21,R,Policy Committee Chair,SenJohnBarrasso,johnbarrasso,barrassowyo,412251,1024777,52662,40707,N00006236,/m/02rsm32,https://www.barrasso.senate.gov/,https://www.barrasso.senate.gov/public/?a=rss.feed,https://www.barrasso.senate.gov/public/index.cfm/contact-form,true,0.528,,11,2018,208,1,0,ocd-division/country:us/state:wy,307 Dirksen Senate Office Building,202-224-6441,202-224-1724,WY,1,junior,S317,0.48,99.03
B001267,"Senator, 3rd Class",Sen.,https://api.propublica.org/congress/v1/members/B001267.json,Michael,,Bennet,1964-11-28,D,,SenBennetCo,senbennetco,SenatorBennet,412330,1031622,110942,40910,N00030608,/m/05b60qf,https://www.bennet.senate.gov/,,https://www.bennet.senate.gov/?p=contact,true,-0.208,,9,2022,208,1,1,ocd-division/country:us/state:co,261 Russell Senate Office Building,202-224-5852,202-228-5097,CO,3,senior,S330,0.48,91.3
B001277,"Senator, 3rd Class",Sen.,https://api.propublica.org/congress/v1/members/B001277.json,Richard,,Blumenthal,1946-02-13,D,,SenBlumenthal,SenBlumenthal,SenatorBlumenthal,412490,21799,1568,41101,N00031685,/m/03tg8m,https://www.blumenthal.senate.gov/,https://www.blumenthal.senate.gov/rss/feeds/?type=press,https://www.blumenthal.senate.gov/contact/,true,-0.418,,7,2022,208,1,1,ocd-division/country:us/state:ct,706 Hart Senate Office Building,202-224-2823,202-224-9673,CT,3,senior,S341,0.48,90.34
B001288,"Senator, 2nd Class",Sen.,https://api.propublica.org/congress/v1/members/B001288.json,Cory,,Booker,1969-04-27,D,,CoryBooker,,SenCoryBooker,412598,84679,76151,41308,N00035267,/m/06p430,https://www.booker.senate.gov/,https://www.booker.senate.gov/rss/,https://www.booker.senate.gov/?p=contact,true,-0.588,,5,2020,208,1,1,ocd-division/country:us/state:nj,359 Dirksen Senate Office Building,202-224-3224,202-224-8378,NJ,2,junior,S370,0.48,83.57
C000127,"Senator, 1st Class",Sen.,https://api.propublica.org/congress/v1/members/C000127.json,Maria,,Cantwell,1958-10-13,D,,SenatorCantwell,senatorcantwell,SenatorCantwell,300018,26137,27122,39310,N00007836,/m/01x68t,https://www.cantwell.senate.gov/,,http://www.cantwell.senate.gov/public/index.cfm/email-maria,true,-0.287,,17,2018,208,2,1,ocd-division/country:us/state:wa,511 Hart Senate Office Building,202-224-3441,202-228-0514,WA,1,junior,S275,0.96,98.06
C000141,"Senator, 1st Class",Sen.,https://api.propublica.org/congress/v1/members/C000141.json,Benjamin,L.,Cardin,1943-10-05,D,,SenatorCardin,senatorbencardin,senatorcardin,400064,4004,26888,15408,N00001955,/m/025k3k,https://www.cardin.senate.gov/,,http://www.cardin.senate.gov/contact/,true,-0.329,,11,2018,208,0,1,ocd-division/country:us/state:md,509 Hart Senate Office Building,202-224-4524,202-224-1651,MD,1,senior,S308,0,96.15
C000174,"Senator, 1st Class",Sen.,https://api.propublica.org/congress/v1/members/C000174.json,Thomas,R.,Carper,1947-01-23,D,,SenatorCarper,tomcarper,senatorcarper,300019,663,22421,15015,N00012508,/m/01xw7t,https://www.carper.senate.gov/public/,https://www.carper.senate.gov/public/index.cfm/rss/feed,http://www.carper.senate.gov/public/index.cfm/email-senator-carper,true,-0.174,,17,2018,208,5,1,ocd-division/country:us/state:de,513 Hart Senate Office Building,202-224-2441,202-228-2190,DE,1,senior,S277,2.4,91.63
C000567,"Senator, 2nd Class",Sen.,https://api.propublica.org/congress/v1/members/C000567.json,Thad,,Cochran,1937-12-07,R,,SenThadCochran,,sencochran,300023,1200,53312,14009,N00003328,/m/01fmcd,https://www.cochran.senate.gov/,https://www.cochran.senate.gov/public/index.cfm/rss/taggedfeed?Type=news-releases&region=&issue=,https://www.cochran.senate.gov/public/index.cfm/email-me,true,0.286,,39,2020,208,10,0,ocd-division/country:us/state:ms,113 Dirksen Senate Office Building,202-224-5054,202-224-9450,MS,2,senior,S136,4.81,98.99
C000880,"Senator, 3rd Class",Sen.,https://api.propublica.org/congress/v1/members/C000880.json,Michael,D.,Crapo,1951-05-20,R,,MikeCrapo,mikecrapo,senatorcrapo,300030,26440,26830,29345,N00006267,/m/021pgp,https://www.crapo.senate.gov/,,http://www.crapo.senate.gov/contact/email.cfm,true,0.507,,19,2022,208,0,0,ocd-division/country:us/state:id,239 Dirksen Senate Office Building,202-224-6142,202-228-1375,ID,3,senior,S266,0,98.56
C001035,"Senator, 2nd Class",Sen.,https://api.propublica.org/congress/v1/members/C001035.json,Susan,,Collins,1952-12-07,R,,SenatorCollins,susancollins,SenatorSusanCollins,300025,45738,379,49703,N00000491,/m/020y8m,https://www.collins.senate.gov/,https://www.collins.senate.gov/?q=rss.xml,http://www.collins.senate.gov/contact,true,0.107,,21,2020,208,0,0,ocd-division/country:us/state:me,413 Dirksen Senate Office Building,202-224-2523,202-224-2693,ME,2,senior,S252,0,88.46
C001047,"Senator, 2nd Class",Sen.,https://api.propublica.org/congress/v1/members/C001047.json,Shelley,Moore,Capito,1953-11-26,R,,SenCapito,senshelley,UCbiXdR4XQ3vD9Xp5lfR9QXw,400061,83737,11701,20146,N00009771,/m/024pwq,https://www.capito.senate.gov/,,https://www.capito.senate.gov/contact/contact-shelley,true,0.258,,3,2020,208,3,0,ocd-division/country:us/state:wv,172 Russell Senate Office Building,202-224-6472,202-225-7856,WV,2,junior,S372,1.44,97.56
C001056,"Senator, 2nd Class",Sen.,https://api.propublica.org/congress/v1/members/C001056.json,John,,Cornyn,1952-02-02,R,Assistant Leader,JohnCornyn,sen.johncornyn,senjohncornyn,300027,93131,15375,40305,N00024852,/m/01xcqs,https://www.cornyn.senate.gov/,,https://www.cornyn.senate.gov/contact,true,0.497,,15,2020,208,0,0,ocd-division/country:us/state:tx,517 Hart Senate Office Building,202-224-2934,202-228-2856,TX,2,senior,S287,0,99.04
C001070,"Senator, 1st Class",Sen.,https://api.propublica.org/congress/v1/members/C001070.json,Bob,,Casey,1960-04-13,D,,SenBobCasey,SenatorBobCasey,SenatorBobCasey,412246,47036,2541,40703,N00027503,/m/047ymw,https://www.casey.senate.gov/,https://www.casey.senate.gov/rss/feeds/?all,https://www.casey.senate.gov/contact/,true,-0.298,,11,2018,208,0,1,ocd-division/country:us/state:pa,393 Russell Senate Office Building,202-224-6324,202-228-0604,PA,1,senior,S309,0,96.15
C001071,"Senator, 1st Class",Sen.,https://api.propublica.org/congress/v1/members/C001071.json,Bob,,Corker,1952-08-24,R,,SenBobCorker,bobcorker,senatorcorker,412248,1021114,65905,40705,N00027441,/m/0d9fz3,https://www.corker.senate.gov/,https://www.corker.senate.gov/public/index.cfm/rss/feed,https://www.corker.senate.gov/public/index.cfm/emailme,true,0.391,,11,2018,208,2,0,ocd-division/country:us/state:tn,425 Dirksen Senate Office Building,202-224-3344,202-228-0566,TN,1,junior,S310,0.96,95.63
C001075,"Senator, 2nd Class",Sen.,https://api.propublica.org/congress/v1/members/C001075.json,Bill,,Cassidy,1957-09-28,R,,,,SenatorBillCassidy,412269,1030546,69494,20919,N00030245,/m/0286t7r,https://www.cassidy.senate.gov/,,https://www.cassidy.senate.gov/contact,true,0.453,,3,2020,208,1,0,ocd-division/country:us/state:la,520 Hart Senate Office Building,202-224-5824,202-225-7313,LA,2,senior,S373,0.48,99.03
C001088,"Senator, 2nd Class",Sen.,https://api.propublica.org/congress/v1/members/C001088.json,Christopher,A.,Coons,1963-09-09,D,,SenCoonsOffice,senatorchriscoons,senatorchriscoons,412390,9269028,122834,40916,N00031820,/m/082d3d,https://www.coons.senate.gov/,https://www.coons.senate.gov/rss/feeds/?type=press,https://www.coons.senate.gov/contact,true,-0.283,,9,2020,208,10,1,ocd-division/country:us/state:de,127a Russell Senate Office Building,202-224-5042,202-228-3075,DE,2,junior,S337,4.81,93.43
C001095,"Senator, 2nd Class",Sen.,https://api.propublica.org/congress/v1/members/C001095.json,Tom,,Cotton,1977-05-13,R,,SenTomCotton,SenatorTomCotton,RepTomCotton,412508,63928,135651,21301,N00033363,/m/02g3ds,https://www.cotton.senate.gov/,https://www.cotton.senate.gov/rss/,http://www.cotton.senate.gov/?p=contact,true,0.619,,3,2020,208,0,0,ocd-division/country:us/state:ar,124 Russell Senate Office Building,202-224-2353,,AR,2,junior,S374,0,98.56
C001098,"Senator, 1st Class",Sen.,https://api.propublica.org/congress/v1/members/C001098.json,Ted,,Cruz,1970-12-22,R,,SenTedCruz,SenatorTedCruz,sentedcruz,412573,1019953,135705,41304,N00033085,/m/07j6ty,https://www.cruz.senate.gov/,https://www.cruz.senate.gov/rss/,http://www.cruz.senate.gov/?p=email_senator,true,0.884,,5,2018,208,4,0,ocd-division/country:us/state:tx,404 Russell Senate Office Building,202-224-5922,202-228-3398,TX,1,junior,S355,1.92,97.06
C001113,"Senator, 3rd Class",Sen.,https://api.propublica.org/congress/v1/members/C001113.json,Catherine,,Cortez Masto,1964-03-29,D,,sencortezmasto,SenatorCortezMasto,,412681,105698,69579,,N00037161,/m/02rtp9t,https://www.cortezmasto.senate.gov/,,https://www.cortezmasto.senate.gov/content/contact-senator,true,,,1,2022,208,0,1,ocd-division/country:us/state:nv,B40a Dirksen Senate Office Building,202-224-3542,,NV,3,junior,S385,0,88.94
D000563,"Senator, 2nd Class",Sen.,https://api.propublica.org/congress/v1/members/D000563.json,Richard,J.,Durbin,1944-11-21,D,Minority Whip,SenatorDurbin,SenatorDurbin,SenatorDurbin,300038,6741,26847,15021,N00004981,/m/01xcd1,https://www.durbin.senate.gov/,,https://www.durbin.senate.gov/contact/,true,-0.365,,21,2020,208,8,1,ocd-division/country:us/state:il,711 Hart Senate Office Building,202-224-2152,202-228-0400,IL,2,senior,S253,3.85,94.5
D000607,"Senator, 1st Class",Sen.,https://api.propublica.org/congress/v1/members/D000607.json,Joe,,Donnelly,1955-09-28,D,,SenDonnelly,senatordonnelly,sendonnelly,412205,1012000,34212,20717,N00026586,/m/0gmx64,https://www.donnelly.senate.gov/,https://www.donnelly.senate.gov/rss/feeds/?press,https://www.donnelly.senate.gov/contact/email-joe,true,-0.12,,5,2018,208,5,0,ocd-division/country:us/state:in,720 Hart Senate Office Building,202-224-4814,202-225-6798,IN,1,senior,S356,2.4,82.27
D000618,"Senator, 2nd Class",Sen.,https://api.propublica.org/congress/v1/members/D000618.json,Steve,,Daines,1962-08-20,R,,SteveDaines,SteveDainesMT,SteveDainesMT,412549,1034037,135720,21338,N00033054,/m/03qlc5t,https://www.daines.senate.gov/,,https://www.daines.senate.gov/connect/email-steve,true,0.53,,3,2020,208,0,0,ocd-division/country:us/state:mt,320 Hart Senate Office Building,202-224-2651,202-228-1236,MT,2,junior,S375,0,97.6
D000622,"Senator, 3rd Class",Sen.,https://api.propublica.org/congress/v1/members/D000622.json,Tammy,,Duckworth,1968-03-12,D,,SenDuckworth,SenDuckworth,repduckworth,412533,94484,57442,21325,N00027860,/m/09vqjr,https://www.duckworth.senate.gov/,,https://www.duckworth.senate.gov/content/contact-senator,true,-0.298,,1,2022,208,2,1,ocd-division/country:us/state:il,524 Hart Senate Office Building,202-224-2854,,IL,3,junior,S386,0.96,89.81
E000285,"Senator, 2nd Class",Sen.,https://api.propublica.org/congress/v1/members/E000285.json,Michael,B.,Enzi,1944-02-01,R,,SenatorEnzi,mikeenzi,senatorenzi,300041,45824,558,49706,N00006249,/m/021ph1,https://www.enzi.senate.gov/,https://www.enzi.senate.gov/public/?a=rss.feed,http://www.enzi.senate.gov/public/index.cfm/contact?p=e-mail-senator-enzi,true,0.537,,21,2020,208,1,0,ocd-division/country:us/state:wy,379a Russell Senate Office Building,202-224-3424,202-228-0359,WY,2,senior,S254,0.48,97.58
E000295,"Senator, 2nd Class",Sen.,https://api.propublica.org/congress/v1/members/E000295.json,Joni,,Ernst,1970-07-01,R,,SenJoniErnst,senjoniernst,,412667,75342,128583,41502,N00035483,/m/0gg4wkg,https://www.ernst.senate.gov/public/,https://www.ernst.senate.gov/public/?a=rss.feed,https://www.ernst.senate.gov/public/index.cfm/contact,true,0.51,,3,2020,208,1,0,ocd-division/country:us/state:ia,111 Russell Senate Office Building,202-224-3254,,IA,2,junior,S376,0.48,97.58
F000062,"Senator, 1st Class",Sen.,https://api.propublica.org/congress/v1/members/F000062.json,Dianne,,Feinstein,1933-06-22,D,,SenFeinstein,senatorfeinstein,SenatorFeinstein,300043,13061,53273,49300,N00007364,/m/01gqws,https://www.feinstein.senate.gov/,https://www.feinstein.senate.gov/public/?a=rss.feed,https://www.feinstein.senate.gov/public/index.cfm/e-mail-me,true,-0.263,,25,2018,208,24,1,ocd-division/country:us/state:ca,331 Hart Senate Office Building,202-224-3841,202-228-3954,CA,1,senior,S221,11.54,94.02
F000444,"Senator, 1st Class",Sen.,https://api.propublica.org/congress/v1/members/F000444.json,Jeff,,Flake,1962-12-31,R,,JeffFlake,senatorjeffflake,flakeoffice,400134,87582,28128,20100,N00009573,/m/024p7j,https://www.flake.senate.gov/public/,https://www.flake.senate.gov/public/?a=rss.feed,https://www.flake.senate.gov/public/index.cfm/contact-jeff,true,0.855,,5,2018,208,10,0,ocd-division/country:us/state:az,413 Russell Senate Office Building,202-224-4521,202-226-4386,AZ,1,junior,S358,4.81,96.46
F000457,"Senator, 2nd Class",Sen.,https://api.propublica.org/congress/v1/members/F000457.json,Al,,Franken,1951-05-21,D,,SenFranken,senatoralfranken,SenatorFranken,412378,23334,108924,40904,N00029016,/m/01lct6,https://www.franken.senate.gov/,https://www.franken.senate.gov/rss/,https://www.franken.senate.gov/?p=contact,true,-0.416,,9,2020,208,3,1,ocd-division/country:us/state:mn,309 Hart Senate Office Building,202-224-5641,202-224-0044,MN,2,junior,S332,1.44,98.05
F000463,"Senator, 1st Class",Sen.,https://api.propublica.org/congress/v1/members/F000463.json,Deb,,Fischer,1951-03-01,R,,SenatorFischer,senatordebfischer,senatordebfischer,412556,1034067,41963,41302,N00033443,/m/0c4cp0,https://www.fischer.senate.gov/,,http://www.fischer.senate.gov/public/index.cfm/contact,true,0.474,,5,2018,208,0,0,ocd-division/country:us/state:ne,454 Russell Senate Office Building,202-224-6551,202-228-1325,NE,1,senior,S357,0,98.08
G000359,"Senator, 2nd Class",Sen.,https://api.propublica.org/congress/v1/members/G000359.json,Lindsey,,Graham,1955-07-09,R,,GrahamBlog,USSenatorLindseyGraham,USSenLindseyGraham,300047,36782,21992,29566,N00009975,/m/01_pdg,https://www.lgraham.senate.gov/public/,https://www.lgraham.senate.gov/public/?a=rss.feed,https://www.lgraham.senate.gov/public/index.cfm/e-mail-senator-graham,true,0.409,,15,2020,208,10,0,ocd-division/country:us/state:sc,290 Russell Senate Office Building,202-224-5972,202-224-3808,SC,2,senior,S293,4.81,96.97
G000386,"Senator, 3rd Class",Sen.,https://api.propublica.org/congress/v1/members/G000386.json,Charles,E.,Grassley,1933-09-17,R,,ChuckGrassley,grassley,senchuckgrassley,300048,1167,53293,14226,N00001758,/m/020ymy,https://www.grassley.senate.gov/,https://www.grassley.senate.gov/?q=rss.xml,http://www.grassley.senate.gov/contact,true,0.341,,37,2022,208,0,0,ocd-division/country:us/state:ia,135 Hart Senate Office Building,202-224-3744,202-224-6020,IA,3,senior,S153,0,97.12
G000555,"Senator, 1st Class",Sen.,https://api.propublica.org/congress/v1/members/G000555.json,Kirsten,E.,Gillibrand,1966-12-09,D,,SenGillibrand,KirstenGillibrand,KirstenEGillibrand,412223,1022862,65147,20735,N00027658,/m/0gnfc4,https://www.gillibrand.senate.gov/,,http://www.gillibrand.senate.gov/contact/,true,-0.334,,9,2018,208,0,1,ocd-division/country:us/state:ny,478 Russell Senate Office Building,202-224-4451,202-228-0282,NY,1,junior,S331,0,78.85
G000562,"Senator, 2nd Class",Sen.,https://api.propublica.org/congress/v1/members/G000562.json,Cory,,Gardner,1974-08-22,R,,SenCoryGardner,SenCoryGardner,,412406,623308,30004,21112,N00030780,/m/0czd33q,https://www.gardner.senate.gov/,,https://www.gardner.senate.gov/contact-cory/email-cory,true,0.456,,3,2020,208,0,0,ocd-division/country:us/state:co,354 Russell Senate Office Building,202-224-5941,202-225-5870,CO,2,junior,S377,0,98.56
H000338,"Senator, 1st Class",Sen.,https://api.propublica.org/congress/v1/members/H000338.json,Orrin,G.,Hatch,1934-03-22,R,,SenOrrinHatch,senatororrinhatch,SenatorOrrinHatch,300052,189,53352,14503,N00009869,/m/016mj4,https://www.hatch.senate.gov/,https://www.hatch.senate.gov/public/index.cfm/rss/feed,http://www.hatch.senate.gov/public/index.cfm/contact?p=Email-Orrin,true,0.382,,41,2018,208,0,0,ocd-division/country:us/state:ut,104 Hart Senate Office Building,202-224-5251,202-224-6331,UT,1,senior,S118,0,98.56
H001041,"Senator, 1st Class",Sen.,https://api.propublica.org/congress/v1/members/H001041.json,Dean,,Heller,1960-05-10,R,,SenDeanHeller,SenDeanHeller,SenDeanHeller,412218,1012368,2291,20730,N00027522,/m/0g92xz,https://www.heller.senate.gov/public/,https://www.heller.senate.gov/public/?a=RSS.Feed,http://www.heller.senate.gov/public/index.cfm/contact-form,true,0.461,,7,2018,208,2,0,ocd-division/country:us/state:nv,324 Hart Senate Office Building,202-224-6244,202-228-6753,NV,1,senior,S352,0.96,89.81
H001042,"Senator, 1st Class",Sen.,https://api.propublica.org/congress/v1/members/H001042.json,Mazie,K.,Hirono,1947-11-03,D,,MazieHirono,senatorhirono,CongresswomanHirono,412200,91216,1677,20713,N00028139,/m/0357cd,https://www.hirono.senate.gov/,https://www.hirono.senate.gov/rss/feeds/,https://www.hirono.senate.gov/contact,true,-0.492,,5,2018,208,6,1,ocd-division/country:us/state:hi,730 Hart Senate Office Building,202-224-6361,202-225-4987,HI,1,junior,S361,2.88,94.06
H001046,"Senator, 1st Class",Sen.,https://api.propublica.org/congress/v1/members/H001046.json,Martin,,Heinrich,1971-10-17,D,,MartinHeinrich,MartinHeinrich,SenMartinHeinrich,412281,1030686,74517,20930,N00029835,/m/02qkv0r,https://www.heinrich.senate.gov/,,http://www.heinrich.senate.gov/contact,true,-0.283,,5,2018,208,1,1,ocd-division/country:us/state:nm,303 Hart Senate Office Building,202-224-5521,202-225-4975,NM,1,junior,S359,0.48,92.27
H001061,"Senator, 3rd Class",Sen.,https://api.propublica.org/congress/v1/members/H001061.json,John,,Hoeven,1957-03-13,R,,SenJohnHoeven,SenatorJohnHoeven,senatorjohnhoevennd,412494,85233,41788,41107,N00031688,/m/01qb45,https://www.hoeven.senate.gov/,,http://www.hoeven.senate.gov/public/index.cfm/email-the-senator,true,0.338,,7,2022,208,2,0,ocd-division/country:us/state:nd,338 Russell Senate Office Building,202-224-2551,202-224-7999,ND,3,senior,S344,0.96,99.51
H001069,"Senator, 1st Class",Sen.,https://api.propublica.org/congress/v1/members/H001069.json,Heidi,,Heitkamp,1955-10-30,D,,SenatorHeitkamp,SenatorHeidiHeitkamp,senatorheidiheitkamp,412554,95414,41716,41303,N00033782,/m/02f501,https://www.heitkamp.senate.gov/public/,https://www.heitkamp.senate.gov/public/?a=rss.feed,http://www.heitkamp.senate.gov/public/index.cfm/contact,true,-0.129,,5,2018,208,0,0,ocd-division/country:us/state:nd,516 Hart Senate Office Building,202-224-2043,202-224-7776,ND,1,junior,S360,0,76.92
H001075,"Senator, 3rd Class",Sen.,https://api.propublica.org/congress/v1/members/H001075.json,Kamala,,Harris,1964-10-20,D,,SenKamalaHarris,,,412678,1018696,120012,,N00036915,/m/08sry2,https://www.harris.senate.gov/,,https://www.harris.senate.gov/content/contact-senator,true,,,1,2022,208,1,1,ocd-division/country:us/state:ca,112 Hart Senate Office Building,202-224-3553,,CA,3,junior,S387,0.48,85.02
H001076,"Senator, 3rd Class",Sen.,https://api.propublica.org/congress/v1/members/H001076.json,Margaret,,Hassan,1958-02-27,D,,Senatorhassan,SenatorHassan,,412680,67481,42552,,N00038397,/m/03c3zch,https://www.hassan.senate.gov/,,https://www.hassan.senate.gov/content/contact-senator,true,,,1,2022,208,0,1,ocd-division/country:us/state:nh,B85 Russell Senate Office Building,202-224-3324,,NH,3,junior,S388,0,95.19
I000024,"Senator, 2nd Class",Sen.,https://api.propublica.org/congress/v1/members/I000024.json,James,M.,Inhofe,1934-11-17,R,,InhofePress,jiminhofe,jiminhofepressoffice,300055,5619,27027,15424,N00005582,/m/021kpl,https://www.inhofe.senate.gov/,,https://www.inhofe.senate.gov/contact,true,0.551,,25,2020,208,4,0,ocd-division/country:us/state:ok,205 Russell Senate Office Building,202-224-4721,202-228-0380,OK,2,senior,S236,1.92,98.53
I000055,"Senator, 3rd Class",Sen.,https://api.propublica.org/congress/v1/members/I000055.json,Johnny,,Isakson,1944-12-28,R,,SenatorIsakson,,SenatorIsakson,400194,59135,1721,29909,N00002593,/m/02556q,https://www.isakson.senate.gov/,https://www.isakson.senate.gov/public/?a=RSS.Feed,https://www.isakson.senate.gov/public/index.cfm/email-me,true,0.404,,13,2022,208,48,0,ocd-division/country:us/state:ga,131 Russell Senate Office Building,202-224-3643,202-228-0724,GA,3,senior,S305,23.08,98.75
J000293,"Senator, 3rd Class",Sen.,https://api.propublica.org/congress/v1/members/J000293.json,Ron,,Johnson,1955-04-08,R,,SenRonJohnson,senronjohnson,SenatorRonJohnson,412496,62835,126217,41111,N00032546,/m/0cmdpzc,https://www.ronjohnson.senate.gov/,https://www.ronjohnson.senate.gov/public/?a=rss.feed,https://www.ronjohnson.senate.gov/public/index.cfm/email-the-senator,true,0.594,,7,2022,208,1,0,ocd-division/country:us/state:wi,328 Hart Senate Office Building,202-224-5323,920-230-7262,WI,3,senior,S345,0.48,98.55
K000367,"Senator, 1st Class",Sen.,https://api.propublica.org/congress/v1/members/K000367.json,Amy,,Klobuchar,1960-05-25,D,,,,senatorklobuchar,412242,83701,65092,40700,N00027500,/m/05fbpt,https://www.klobuchar.senate.gov/,,http://www.klobuchar.senate.gov/public/index.cfm/contact,true,-0.239,,11,2018,208,0,1,ocd-division/country:us/state:mn,302 Hart Senate Office Building,202-224-3244,202-228-2186,MN,1,senior,S311,0,96.15
K000383,"Senator, 1st Class",Sen.,https://api.propublica.org/congress/v1/members/K000383.json,Angus,,King,1944-03-31,I,,SenAngusKing,SenatorAngusSKingJr,SenatorAngusKing,412545,37413,22381,41300,N00034580,/m/02hfx0,https://www.king.senate.gov/,https://www.king.senate.gov/rss/feeds/?type=all,,true,-0.148,,5,2018,208,0,0,ocd-division/country:us/state:me,,202-224-5344,,ME,1,junior,S363,0,82.69
K000384,"Senator, 1st Class",Sen.,https://api.propublica.org/congress/v1/members/K000384.json,Tim,,Kaine,1958-02-26,D,,SenKaineOffice,SenatorKaine,SenatorTimKaine,412582,49219,50772,41305,N00033177,/m/053f8h,https://www.kaine.senate.gov/,https://www.kaine.senate.gov/rss/feeds/,https://www.kaine.senate.gov/contact,true,-0.229,,5,2018,208,3,1,ocd-division/country:us/state:va,231 Russell Senate Office Building,202-224-4024,202-228-6363,VA,1,junior,S362,1.44,93.66
K000393,"Senator, 3rd Class",Sen.,https://api.propublica.org/congress/v1/members/K000393.json,John,,Kennedy,1951-11-21,R,,SenJohnKennedy,JohnKennedyLouisiana,,412679,1011723,35496,,N00026823,/m/0fl2sv,https://www.kennedy.senate.gov/,,https://www.kennedy.senate.gov/content/contact-senator,true,,,1,2022,208,0,0,ocd-division/country:us/state:la,B11 Russell Senate Office Building,202-224-4623,,LA,3,junior,S389,0,97.12
L000174,"Senator, 3rd Class",Sen.,https://api.propublica.org/congress/v1/members/L000174.json,Patrick,J.,Leahy,1940-03-31,D,,SenatorLeahy,SenatorPatrickLeahy,SenatorPatrickLeahy,300065,1552,53353,14307,N00009918,/m/0202kf,https://www.leahy.senate.gov/,,https://www.leahy.senate.gov/contact/,true,-0.375,,43,2022,208,4,1,ocd-division/country:us/state:vt,437 Russell Senate Office Building,202-224-4242,202-224-3479,VT,3,senior,S057,1.92,96.57
L000575,"Senator, 3rd Class",Sen.,https://api.propublica.org/congress/v1/members/L000575.json,James,,Lankford,1968-03-04,R,,SenatorLankford,SenatorLankford,SenatorLankford,412464,1033847,124938,21166,N00031129,/m/0dgrrx6,https://www.lankford.senate.gov/,,http://www.lankford.senate.gov/contact/email,true,0.562,,3,2022,208,0,0,ocd-division/country:us/state:ok,316 Hart Senate Office Building,202-224-5754,,OK,3,junior,S378,0,97.6
L000577,"Senator, 3rd Class",Sen.,https://api.propublica.org/congress/v1/members/L000577.json,Mike,,Lee,1971-06-04,R,,SenMikeLee,senatormikelee,senatormikelee,412495,9267977,66395,41110,N00031696,/m/09v5q9x,https://www.lee.senate.gov/public/,https://www.lee.senate.gov/public/?a=rss.feed,https://www.lee.senate.gov/public/index.cfm/contact,true,0.921,,7,2022,208,1,0,ocd-division/country:us/state:ut,361a Russell Senate Office Building,202-224-5444,,UT,3,junior,S346,0.48,91.79
M000133,"Senator, 2nd Class",Sen.,https://api.propublica.org/congress/v1/members/M000133.json,Edward,J.,Markey,1946-07-11,D,,SenMarkey,EdJMarkey,RepMarkey,400253,260,26900,14435,N00000270,/m/028vr4,https://www.markey.senate.gov/,https://www.markey.senate.gov/rss/feeds/,https://www.markey.senate.gov/contact,true,-0.5,,5,2020,208,1,1,ocd-division/country:us/state:ma,255 Dirksen Senate Office Building,202-224-2742,,MA,2,junior,S369,0.48,88.89
M000303,"Senator, 3rd Class",Sen.,https://api.propublica.org/congress/v1/members/M000303.json,John,,McCain,1936-08-29,R,,SenJohnMcCain,johnmccain,SenatorJohnMcCain,300071,7476,53270,15039,N00006424,/m/0bymv,https://www.mccain.senate.gov/,https://www.mccain.senate.gov/public/?a=rss.feed,https://www.mccain.senate.gov/public/index.cfm/contact-form,true,0.381,,31,2022,208,17,0,ocd-division/country:us/state:az,218 Russell Senate Office Building,202-224-2235,202-228-2862,AZ,3,senior,S197,8.17,93.19
M000355,"Senator, 2nd Class",Sen.,https://api.propublica.org/congress/v1/members/M000355.json,Mitch,,McConnell,1942-02-20,R,Majority Leader,McConnellPress,mitchmcconnell,,300072,2351,53298,14921,N00003389,/m/01z6ls,https://www.mcconnell.senate.gov/,https://www.mcconnell.senate.gov/public/?a=RSS.Feed,http://www.mcconnell.senate.gov/public/index.cfm?p=contact,true,0.404,,33,2020,208,0,1,ocd-division/country:us/state:ky,317 Russell Senate Office Building,202-224-2541,202-224-2499,KY,2,senior,S174,0,98.08
M000639,"Senator, 1st Class",Sen.,https://api.propublica.org/congress/v1/members/M000639.json,Robert,,Menendez,1954-01-01,D,,SenatorMenendez,senatormenendez,SenatorMenendezNJ,400272,29608,26961,29373,N00000699,/m/033d3p,https://www.menendez.senate.gov/,https://www.menendez.senate.gov/rss/feeds/?press,https://www.menendez.senate.gov/contact,true,-0.36,,12,2018,208,24,1,ocd-division/country:us/state:nj,528 Hart Senate Office Building,202-224-4744,202-228-2197,NJ,1,senior,S306,11.54,93.48
M000934,"Senator, 3rd Class",Sen.,https://api.propublica.org/congress/v1/members/M000934.json,Jerry,,Moran,1954-05-29,R,,JerryMoran,jerrymoran,senatorjerrymoran,400284,45469,542,29722,N00005282,/m/024s8t,https://www.moran.senate.gov/,https://www.moran.senate.gov/public/?a=rss.feed,https://www.moran.senate.gov/public/index.cfm/e-mail-jerry,true,0.412,,7,2022,208,9,0,ocd-division/country:us/state:ks,521 Dirksen Senate Office Building,202-224-6521,202-228-6966,KS,3,junior,S347,4.33,97.49
M001111,"Senator, 3rd Class",Sen.,https://api.propublica.org/congress/v1/members/M001111.json,Patty,,Murray,1950-10-11,D,Assistant Leader,PattyMurray,,SenatorPattyMurray,300076,25277,53358,49308,N00007876,/m/018qx5,https://www.murray.senate.gov/public/,https://www.murray.senate.gov/public/?a=RSS.Feed,http://www.murray.senate.gov/public/index.cfm/contactme,true,-0.342,,25,2022,208,0,1,ocd-division/country:us/state:wa,154 Russell Senate Office Building,202-224-2621,202-224-0238,WA,3,senior,S229,0,96.63
M001153,"Senator, 3rd Class",Sen.,https://api.propublica.org/congress/v1/members/M001153.json,Lisa,,Murkowski,1957-05-22,R,,LisaMurkowski,SenLisaMurkowski,senatormurkowski,300075,1004138,15841,40300,N00026050,/m/0202kt,https://www.murkowski.senate.gov/,,https://www.murkowski.senate.gov/public/index.cfm/contact,true,0.208,,17,2022,208,8,0,ocd-division/country:us/state:ak,522 Hart Senate Office Building,202-224-6665,202-224-5301,AK,3,senior,S288,3.85,94
M001169,"Senator, 1st Class",Sen.,https://api.propublica.org/congress/v1/members/M001169.json,Christopher,S.,Murphy,1973-08-03,D,,ChrisMurphyCT,chrismurphyct,senchrismurphy,412194,1021270,17189,20707,N00027566,/m/0cy_dh,https://www.murphy.senate.gov/,https://www.murphy.senate.gov/rss/feeds/?press,http://www.murphy.senate.gov/contact,true,-0.311,,5,2018,208,2,1,ocd-division/country:us/state:ct,136 Hart Senate Office Building,202-224-4041,202-225-5933,CT,1,junior,S364,0.96,94.66
M001170,"Senator, 1st Class",Sen.,https://api.propublica.org/congress/v1/members/M001170.json,Claire,,McCaskill,1953-07-24,D,,McCaskillOffice,senatormccaskill,SenatorMcCaskill,412243,1012014,2109,40701,N00027694,/m/040_w4,https://www.mccaskill.senate.gov/,https://www.mccaskill.senate.gov/rss/feeds/?type=all,http://www.mccaskill.senate.gov/contact,true,-0.147,,11,2018,208,4,1,ocd-division/country:us/state:mo,503 Hart Senate Office Building,202-224-6154,202-228-6326,MO,1,senior,S312,1.92,86.76
M001176,"Senator, 2nd Class",Sen.,https://api.propublica.org/congress/v1/members/M001176.json,Jeff,,Merkley,1956-10-24,D,,SenJeffMerkley,jeffmerkley,SenatorJeffMerkley,412325,1029842,23644,40908,N00029303,/m/026k60f,https://www.merkley.senate.gov/,https://www.merkley.senate.gov/rss/feeds/,http://www.merkley.senate.gov/contact/,true,-0.436,,9,2020,208,2,1,ocd-division/country:us/state:or,313 Hart Senate Office Building,202-224-3753,202-228-3997,OR,2,junior,S322,0.96,86.89
M001183,"Senator, 1st Class",Sen.,https://api.propublica.org/congress/v1/members/M001183.json,Joe,,Manchin III,1947-08-24,D,,Sen_JoeManchin,JoeManchinIII,SenatorJoeManchin,412391,62864,7547,40915,N00032838,/m/04lc5t,https://www.manchin.senate.gov/public/,https://www.manchin.senate.gov/public/index.cfm/rss/feed,http://www.manchin.senate.gov/public/index.cfm/contact-form,true,-0.063,,9,2018,208,0,0,ocd-division/country:us/state:wv,306 Hart Senate Office Building,202-224-3954,202-228-0002,WV,1,senior,S338,0,75.48
N000032,"Senator, 1st Class",Sen.,https://api.propublica.org/congress/v1/members/N000032.json,Bill,,Nelson,1942-09-29,D,,SenBillNelson,,senbillnelson,300078,1931,1606,14651,N00009926,/m/01_pb_,https://www.billnelson.senate.gov/,https://www.billnelson.senate.gov/rss.xml,https://www.billnelson.senate.gov/contact-bill,true,-0.192,,17,2018,208,6,1,ocd-division/country:us/state:fl,716 Hart Senate Office Building,202-224-5274,202-228-2183,FL,1,senior,S282,2.88,90.1
P000449,"Senator, 3rd Class",Sen.,https://api.propublica.org/congress/v1/members/P000449.json,Rob,,Portman,1955-12-19,R,,SenRobPortman,senrobportman,SenRobPortman,400325,31819,27008,29386,N00003682,/m/0343xg,https://www.portman.senate.gov/,https://www.portman.senate.gov/public/index.cfm/rss/feed,https://www.portman.senate.gov/public/index.cfm/contact?p=contact-form,true,0.375,,7,2022,208,2,0,ocd-division/country:us/state:oh,448 Russell Senate Office Building,202-224-3353,,OH,3,junior,S349,0.96,97.09
P000595,"Senator, 2nd Class",Sen.,https://api.propublica.org/congress/v1/members/P000595.json,Gary,,Peters,1958-12-01,D,,SenGaryPeters,SenGaryPeters,RepGaryPeters,412305,50199,8749,20923,N00029277,/m/02x0lnt,https://www.peters.senate.gov/,,https://www.peters.senate.gov/contact/email-gary,true,-0.232,,3,2020,208,3,1,ocd-division/country:us/state:mi,724 Hart Senate Office Building,202-224-6221,202-226-2356,MI,2,junior,S380,1.44,94.63
P000603,"Senator, 3rd Class",Sen.,https://api.propublica.org/congress/v1/members/P000603.json,Rand,,Paul,1963-01-07,R,,,SenatorRandPaul,SenatorRandPaul,412492,9265241,117285,41104,N00030836,/m/05pdb7q,https://www.paul.senate.gov/,https://www.paul.senate.gov/rss/feeds/,https://www.paul.senate.gov/connect/email-rand,true,0.882,,7,2022,208,4,0,ocd-division/country:us/state:ky,167 Russell Senate Office Building,202-224-4343,202-228-1373,KY,3,junior,S348,1.92,86.27
P000612,"Senator, 2nd Class",Sen.,https://api.propublica.org/congress/v1/members/P000612.json,David,,Perdue,1949-12-10,R,,sendavidperdue,SenatorDavidPerdue,,412666,75920,151330,41501,N00035516,/m/03wp8v4,https://www.perdue.senate.gov/,,https://www.perdue.senate.gov/connect/email,true,0.659,,3,2020,208,1,1,ocd-division/country:us/state:ga,383 Russell Senate Office Building,202-224-3521,,GA,2,junior,S379,0.48,98.55
R000122,"Senator, 2nd Class",Sen.,https://api.propublica.org/congress/v1/members/R000122.json,Jack,,Reed,1949-11-12,D,,SenJackReed,SenJackReed,SenatorReed,300081,24239,27060,29142,N00000362,/m/0202mc,https://www.reed.senate.gov/,https://www.reed.senate.gov/rss/feeds/?type=press,https://www.reed.senate.gov/contact/,true,-0.39,,21,2020,208,0,1,ocd-division/country:us/state:ri,728 Hart Senate Office Building,202-224-4642,202-224-4680,RI,2,senior,S259,0,94.71
R000307,"Senator, 2nd Class",Sen.,https://api.propublica.org/congress/v1/members/R000307.json,Pat,,Roberts,1936-04-20,R,,SenPatRoberts,SenPatRoberts,SenPatRoberts,300083,16354,26866,14852,N00005285,/m/01_pdv,https://www.roberts.senate.gov/,https://www.roberts.senate.gov/public/index.cfm?a=RSS.Feed,https://www.roberts.senate.gov/public/?p=EmailPat,true,0.415,,21,2020,208,0,0,ocd-division/country:us/state:ks,109 Hart Senate Office Building,202-224-4774,202-224-3514,KS,2,senior,S260,0,99.04
R000584,"Senator, 2nd Class",Sen.,https://api.propublica.org/congress/v1/members/R000584.json,Jim,,Risch,1943-05-03,R,,SenatorRisch,,SenatorJamesRisch,412322,1020034,2919,40902,N00029441,/m/06y9p0,https://www.risch.senate.gov/,https://www.risch.senate.gov/public/?a=rss.feed,http://www.risch.senate.gov/public/index.cfm?p=Email,true,0.631,,9,2020,208,1,0,ocd-division/country:us/state:id,483 Russell Senate Office Building,202-224-2752,202-224-2573,ID,2,junior,S323,0.48,97.1
R000595,"Senator, 3rd Class",Sen.,https://api.propublica.org/congress/v1/members/R000595.json,Marco,,Rubio,1971-05-28,R,,SenRubioPress,SenatorMarcoRubio,SenatorMarcoRubio,412491,87599,1601,41102,N00030612,/m/0dpr5f,https://www.rubio.senate.gov/,https://www.rubio.senate.gov/public/?a=rss.feed,http://www.rubio.senate.gov/public/index.cfm/contact,true,0.59,,7,2022,208,13,0,ocd-division/country:us/state:fl,284 Russell Senate Office Building,202-224-3041,202-228-0285,FL,3,junior,S350,6.25,98.46
R000605,"Senator, 2nd Class",Sen.,https://api.propublica.org/congress/v1/members/R000605.json,Mike,,Rounds,1954-10-24,R,,SenatorRounds,SenatorMikeRounds,,412669,78317,7455,41505,N00035187,/m/020z2p,https://www.rounds.senate.gov/,,https://www.rounds.senate.gov/contact/email-mike,true,0.382,,3,2020,208,0,0,ocd-division/country:us/state:sd,502 Hart Senate Office Building,202-224-5842,,SD,2,junior,S381,0,99.04
S000033,"Senator, 1st Class",Sen.,https://api.propublica.org/congress/v1/members/S000033.json,Bernard,,Sanders,1941-09-08,I,,SenSanders,senatorsanders,senatorsanders,400357,994,27110,29147,N00000528,/m/01_gbv,https://www.sanders.senate.gov/,https://www.sanders.senate.gov/rss/feeds/?type=all,,true,-0.51,,11,2018,208,6,1,ocd-division/country:us/state:vt,,202-224-5141,,VT,1,junior,S313,2.88,80.69
S000148,"Senator, 3rd Class",Sen.,https://api.propublica.org/congress/v1/members/S000148.json,Charles,E.,Schumer,1950-11-23,D,Minority Leader,SenSchumer,senschumer,SenatorSchumer,300087,5929,26976,14858,N00001093,/m/01w74d,https://www.schumer.senate.gov/,,https://www.schumer.senate.gov/contact/email-chuck,true,-0.35,,19,2022,208,0,1,ocd-division/country:us/state:ny,322 Hart Senate Office Building,202-224-6542,202-228-3027,NY,3,senior,S270,0,93.75
S000320,"Senator, 3rd Class",Sen.,https://api.propublica.org/congress/v1/members/S000320.json,Richard,C.,Shelby,1934-05-06,R,,SenShelby,RichardShelby,SenatorRichardShelby,300089,1859,53266,94659,N00009920,/m/020yj1,https://www.shelby.senate.gov/,https://www.shelby.senate.gov/public/?a=rss.feed,https://www.shelby.senate.gov/public/index.cfm/emailsenatorshelby,true,0.433,,31,2022,208,1,0,ocd-division/country:us/state:al,304 Russell Senate Office Building,202-224-5744,202-224-3416,AL,3,senior,S184,0.48,99.03
S000770,"Senator, 1st Class",Sen.,https://api.propublica.org/congress/v1/members/S000770.json,Debbie,,Stabenow,1950-04-29,D,Policy Committee Chair,SenStabenow,,senatorstabenow,300093,45451,515,29732,N00004118,/m/01xh64,https://www.stabenow.senate.gov/,,http://www.stabenow.senate.gov/?p=contact,true,-0.327,,17,2018,208,3,1,ocd-division/country:us/state:mi,731 Hart Senate Office Building,202-224-4822,202-228-0325,MI,1,senior,S284,1.44,94.63
S001141,"Senator, 2nd Class",Sen.,https://api.propublica.org/congress/v1/members/S001141.json,Jeff,,Sessions,1946-12-24,R,,SenatorSessions,jeffsessions,SenatorSessions,300088,44441,,49700,,/m/020yjg,http://www.sessions.senate.gov/public,,,false,0.549,,21,2020,60,39,2,ocd-division/country:us/state:al,,202-224-4124,,AL,2,,S261,65,90.48
S001181,"Senator, 2nd Class",Sen.,https://api.propublica.org/congress/v1/members/S001181.json,Jeanne,,Shaheen,1947-01-28,D,,SenatorShaheen,SenatorShaheen,senatorshaheen,412323,22850,1663,40906,N00024790,/m/01rrm2,https://www.shaheen.senate.gov/,,https://www.shaheen.senate.gov/contact/contact-jeanne,true,-0.272,,9,2020,208,1,1,ocd-division/country:us/state:nh,506 Hart Senate Office Building,202-224-2841,202-228-3194,NH,2,senior,S324,0.48,95.17
S001184,"Senator, 3rd Class",Sen.,https://api.propublica.org/congress/v1/members/S001184.json,Tim,,Scott,1965-09-19,R,,SenatorTimScott,SenatorTimScott,SenatorTimScott,412471,623506,11940,21173,N00031782,/m/0c407g6,https://www.scott.senate.gov/,https://www.scott.senate.gov/rss.xml,https://www.scott.senate.gov/contact/email-me,true,0.669,,5,2022,208,1,0,ocd-division/country:us/state:sc,717 Hart Senate Office Building,202-224-6121,202-225-3407,SC,3,junior,S365,0.48,98.07
S001194,"Senator, 3rd Class",Sen.,https://api.propublica.org/congress/v1/members/S001194.json,Brian,,Schatz,1972-10-20,D,,SenBrianSchatz,SenBrianSchatz,senbrianschatz,412507,87784,17852,41112,N00028138,/m/0dd109,https://www.schatz.senate.gov/,https://www.schatz.senate.gov/rss/feeds/?press,https://www.schatz.senate.gov/contact,true,-0.389,,5,2022,208,3,1,ocd-division/country:us/state:hi,722 Hart Senate Office Building,202-224-3934,202-228-1153,HI,3,senior,S353,1.44,92.2
S001197,"Senator, 2nd Class",Sen.,https://api.propublica.org/congress/v1/members/S001197.json,Ben,,Sasse,1972-02-22,R,,SenSasse,SenatorSasse,,412671,77429,150182,41503,N00035544,/m/0j5wk_6,https://www.sasse.senate.gov/public/,https://www.sasse.senate.gov/public/?a=rss.feed,http://www.sasse.senate.gov/public/index.cfm/email-ben,true,0.833,,3,2020,208,4,0,ocd-division/country:us/state:ne,136 Russell Senate Office Building,202-224-4224,,NE,2,junior,S382,1.92,95.59
S001198,"Senator, 2nd Class",Sen.,https://api.propublica.org/congress/v1/members/S001198.json,Dan,,Sullivan,1964-11-13,R,,SenDanSullivan,SenDanSullivan,,412665,1023262,114964,41500,N00035774,/m/07s4r4q,https://www.sullivan.senate.gov/,,https://www.sullivan.senate.gov/contact/email,true,0.46,,3,2020,208,10,0,ocd-division/country:us/state:ak,702 Hart Senate Office Building,202-224-3004,,AK,2,junior,S383,4.81,98.99
S001202,"Senator, 2nd Class",Sen.,https://api.propublica.org/congress/v1/members/S001202.json,Luther,,Strange,1953-03-01,R,,SenatorStrange,SenatorLutherStrange,,412734,9278255,121424,,N00040607,/m/06w5pjw,https://www.strange.senate.gov/,,https://www.strange.senate.gov/content/contact-senator,true,,,1,2020,148,9,0,ocd-division/country:us/state:al,326 Russell Senate Office Building,202-224-4124,202-224-3149,AL,2,junior,S392,6.08,97.84
T000250,"Senator, 3rd Class",Sen.,https://api.propublica.org/congress/v1/members/T000250.json,John,,Thune,1961-01-07,R,Conference Chair,SenJohnThune,,johnthune,400546,45552,398,29754,N00004572,/m/03ybyn,https://www.thune.senate.gov/,https://www.thune.senate.gov/public/?a=RSS.Feed,http://www.thune.senate.gov/public/index.cfm/contact,true,0.409,,13,2022,208,0,0,ocd-division/country:us/state:sd,511 Dirksen Senate Office Building,202-224-2321,202-228-5429,SD,3,senior,S303,0,99.04
T000461,"Senator, 3rd Class",Sen.,https://api.propublica.org/congress/v1/members/T000461.json,Patrick,J.,Toomey,1961-11-17,R,,SenToomey,senatortoomey,sentoomey,400408,7958,24096,29935,N00001489,/m/02_kk7,https://www.toomey.senate.gov/,https://www.toomey.senate.gov/rss/,https://www.toomey.senate.gov/?p=contact,true,0.63,,7,2022,208,7,0,ocd-division/country:us/state:pa,248 Russell Senate Office Building,202-224-4254,202-228-0284,PA,3,junior,S351,3.37,96.52
T000464,"Senator, 1st Class",Sen.,https://api.propublica.org/congress/v1/members/T000464.json,Jon,,Tester,1956-08-21,D,,SenatorTester,senatortester,senatorjontester,412244,1020176,20928,40702,N00027605,/m/066cdp,https://www.tester.senate.gov/,https://www.tester.senate.gov/rss/,https://www.tester.senate.gov/?p=email_senator,true,-0.214,,11,2018,208,0,0,ocd-division/country:us/state:mt,311 Hart Senate Office Building,202-224-2644,202-224-8594,MT,1,senior,S314,0,88.94
T000476,"Senator, 2nd Class",Sen.,https://api.propublica.org/congress/v1/members/T000476.json,Thom,,Tillis,1960-08-30,R,,senthomtillis,SenatorThomTillis,,412668,77055,57717,41504,N00035492,/m/0fq0395,https://www.tillis.senate.gov/public/,https://www.tillis.senate.gov/public/?a=rss.feed,https://www.tillis.senate.gov/public/index.cfm/email-me,true,0.441,,3,2020,208,10,0,ocd-division/country:us/state:nc,185 Dirksen Senate Office Building,202-224-6342,,NC,2,junior,S384,4.81,99.49
U000039,"Senator, 2nd Class",Sen.,https://api.propublica.org/congress/v1/members/U000039.json,Tom,,Udall,1948-05-18,D,,SenatorTomUdall,senatortomudall,senatortomudall,400413,10075,22658,29924,N00006561,/m/033t35,https://www.tomudall.senate.gov/,,https://www.tomudall.senate.gov/?p=contact,true,-0.456,,10,2020,208,4,1,ocd-division/country:us/state:nm,531 Hart Senate Office Building,202-224-6621,202-228-3261,NM,2,senior,S326,1.92,90.69
V000128,"Senator, 3rd Class",Sen.,https://api.propublica.org/congress/v1/members/V000128.json,Chris,,Van Hollen,1959-01-10,D,,ChrisVanHollen,chrisvanhollen,RepChrisVanHollen,400415,20756,6098,20330,N00013820,/m/025kb5,https://www.vanhollen.senate.gov/,,https://www.vanhollen.senate.gov/content/contact-senator,true,-0.4,,1,2022,208,2,1,ocd-division/country:us/state:md,110 Hart Senate Office Building,202-224-4654,202-225-0375,MD,3,junior,S390,0.96,96.6
W000437,"Senator, 1st Class",Sen.,https://api.propublica.org/congress/v1/members/W000437.json,Roger,,Wicker,1951-07-05,R,,SenatorWicker,SenatorWicker,SenatorWicker,400432,18203,21926,29534,N00003280,/m/025xxb,https://www.wicker.senate.gov/,https://www.wicker.senate.gov/public/?a=rss.feed,https://www.wicker.senate.gov/public/index.cfm/contact,true,0.376,,11,2018,208,1,0,ocd-division/country:us/state:ms,555 Dirksen Senate Office Building,202-224-6253,202-228-0378,MS,1,junior,S318,0.48,98.07
W000779,"Senator, 3rd Class",Sen.,https://api.propublica.org/congress/v1/members/W000779.json,Ron,,Wyden,1949-05-03,D,,RonWyden,,senronwyden,300100,1962,27036,14871,N00007724,/m/0178p9,https://www.wyden.senate.gov/,,https://www.wyden.senate.gov/contact/,true,-0.314,,22,2022,208,0,2,ocd-division/country:us/state:or,221 Dirksen Senate Office Building,202-224-5244,202-228-2717,OR,3,senior,S247,0,89.9
W000802,"Senator, 1st Class",Sen.,https://api.propublica.org/congress/v1/members/W000802.json,Sheldon,,Whitehouse,1955-10-20,D,,SenWhitehouse,SenatorWhitehouse,SenatorWhitehouse,412247,92235,2572,40704,N00027533,/m/07qw94,https://www.whitehouse.senate.gov/,https://www.whitehouse.senate.gov/rss/feeds/?type=all&cachebuster=1,,true,-0.428,,11,2018,208,0,1,ocd-division/country:us/state:ri,,202-224-2921,,RI,1,junior,S316,0,94.71
W000805,"Senator, 2nd Class",Sen.,https://api.propublica.org/congress/v1/members/W000805.json,Mark,,Warner,1954-12-15,D,,MarkWarner,MarkRWarner,SenatorMarkWarner,412321,7630,535,40909,N00002097,/m/024mm1,https://www.warner.senate.gov/,https://www.warner.senate.gov/public/?a=RSS.Feed,http://www.warner.senate.gov/public/index.cfm?p=Contact,true,-0.197,,9,2020,208,4,1,ocd-division/country:us/state:va,703 Hart Senate Office Building,202-224-2023,202-224-6295,VA,2,senior,S327,1.92,85.78
W000817,"Senator, 1st Class",Sen.,https://api.propublica.org/congress/v1/members/W000817.json,Elizabeth,,Warren,1949-06-22,D,,SenWarren,senatorelizabethwarren,senelizabethwarren,412542,1023023,141272,41301,N00033492,/m/01qh39,https://www.warren.senate.gov/,https://www.warren.senate.gov/rss/,https://www.warren.senate.gov/?p=email_senator,true,-0.738,,5,2018,208,0,1,ocd-division/country:us/state:ma,317 Hart Senate Office Building,202-224-4543,202-228-2072,MA,1,senior,S366,0,81.73
Y000064,"Senator, 3rd Class",Sen.,https://api.propublica.org/congress/v1/members/Y000064.json,Todd,,Young,1972-08-24,R,,RepToddYoung,SenatorToddYoung,RepToddYoung,412428,1033743,120345,21133,N00030670,/m/0ds030m,https://www.young.senate.gov/,,https://www.young.senate.gov/content/contact-senator,true,0.489,,1,2022,208,2,0,ocd-division/country:us/state:in,B33 Russell Senate Office Building,202-224-5623,202-226-6866,IN,3,junior,S391,0.96,98.06
